0x6fc78dcc8A949d1530035bD577DCB21e9787100e,The Graph Multisig,@FOMO_onchain,
0x43feD72B921aF413Aad831CEbd221697B18DA54F,Falcon Network,@lookonchain,
0x500A746c9a44f68Fe6AA86a92e7B3AF4F322Ae66,Voyager 1,Etherscan,
0xD1669Ac6044269b59Fa12c5822439F609Ca54F41,Coin List 1,Etherscan,
0xF2d15C0A89428C9251d71A0E29b39FF1e86bce25,Blur airdrop,Etherscan,
0x67a24ce4321ab3af51c2d0a4801c3e111d88c9d9,ArbitrumFND token distributor,
0xf3fc178157fb3c87548baa86f9d24ba38e649b58,Arb Dao Treasury 1,
0xc24e24383120669512a336fb3b5b19afb4cc2a56,Arb Dao Treasury 2,
0xb3f923eabaf178fc1bd8e13902fc5c61d3ddef5b,Wintermute: Binance Deposit,
0x280027dd00ee0050d3f9d168efd6b40090009246,Wintermute Trading fund,
0xF05e2A70346560d3228c7002194Bb7C5dC8Fe100,Jump trading Binance deposit,
0xf584f8728b874a6a5c7a8d4d387c9aae9172d621,Jump trading,
0x9507c04b10486547584c37bcbd931b2a4fee9a41,Jump trading 2,
0x9224FC9d1389734cebb7CB29545BdDC546Fb9802,DODO lock token Vault 1,
0x98c3d3183c4b8a650614ad179a1a98be0a8d6b8e,MEV Bot,
0x5754284f345afc66a98fbB0a0Afe71e0F007B949,Tether Treasury,
0x9008D19f58AAbD9eD0D60971565AA8510560ab41,CoW protocolGPv2Settlement,
0x3f5ce5fbfe3e9af3971dd833d26ba9b5c936f0be,Binance,
0x85b931a32a0725be14285b66f1a22178c672d69b,Binance 10,
0x708396f17127c42383e3b9014072679b2f60b82f,Binance 11,
0xe0f0cfde7ee664943906f17f7f14342e76a5cec7,Binance 12,
0x8f22f2063d253846b53609231ed80fa571bc0c8f,Binance 13,
0x28c6c06298d514db089934071355e5743bf21d60,Binance 14,
0x21a31ee1afc51d94c2efccaa2092ad1028285549,Binance 15,
0xdfd5293d8e347dfe59e90efd55b2956a1343963d,Binance 16,
0x56eddb7aa87536c09ccc2793473599fd21a8b17f,Binance 17,
0x9696f59e4d72e237be84ffd425dcad154bf96976,Binance 18,
0x4d9ff50ef4da947364bb9650892b2554e7be5e2b,Binance 19,
0xd551234ae421e3bcba99a0da6d736074f22192ff,Binance 2,
0x4976a4a02f38326660d17bf34b431dc6e2eb2327,Binance 20,
0xd88b55467f58af508dbfdc597e8ebd2ad2de49b3,Binance 21,
0x7dfe9a368b6cf0c0309b763bb8d16da326e8f46e,Binance 22,
0x345d8e3a1f62ee6b1d483890976fd66168e390f2,Binance 23,
0xc3c8e0a39769e2308869f7461364ca48155d1d9e,Binance 24,
0x2e581a5ae722207aa59acd3939771e7c7052dd3d,Binance 25,
0x44592b81c05b4c35efb8424eb9d62538b949ebbf,Binance 26,
0xa344c7ada83113b3b56941f6e85bf2eb425949f3,Binance 27,
0x5a52e96bacdabb82fd05763e25335261b270efcb,Binance 28,
0x06a0048079ec6571cd1b537418869cde6191d42d,Binance 29,
0x564286362092d8e7936f0549571a803b203aaced,Binance 3,
0x892e9e24aea3f27f4c6e9360e312cce93cc98ebe,Binance 30,
0x00799bbc833d5b168f0410312d2a8fd9e0e3079c,Binance 31,
0x141fef8cd8397a390afe94846c8bd6f4ab981c48,Binance 32,
0x50d669f43b484166680ecc3670e4766cdb0945ce,Binance 33,
0x2f7e209e0f5f645c7612d7610193fe268f118b28,Binance 34,
0xd9d93951896b4ef97d251334ef2a0e39f6f6d7d7,Binance 35,
0x19184ab45c40c2920b0e0e31413b9434abd243ed,Binance 39,
0x0681d8db095565fe8a346fa0277bffde9c0edbbf,Binance 4,
0x294b9b133ca7bc8ed2cdd03ba661a4c6d3a834d9,Binance 41,
0x5d7f34372fa8708e09689d400a613eee67f75543,Binance 42,
0xfe9e8709d3215310075d67e3ed32a380ccf451c8,Binance 5,
0x4e9ce36e442e55ecd9025b9a6e0d88485d628a67,Binance 6,
0xbe0eb53f46cd790cd13851d5eff43d12404d33e8,Binance 7,
0xf977814e90da44bfa03b6295a0616a897441acec,Binance 8,
0x001866ae5b3de6caa5a51543fd9fb64f524f5478,Binance 9,
0x8b99f3660622e21f2910ecca7fbe51d654a1517d,Binance Charity,
0xab83d182f3485cf1d6ccdd34c7cfef95b4c08da4,Binance JEX,
0xc365c3315cf926351ccaf13fa7d19c8c4058c8e1,Binance Pool,
0x61189da79177950a7272c88c6058b96d4bcd6be2,Binance US,
0x4fabb145d64652a948d72533023f6e7a623c7c53,Binance USD,
0xb38e8c17e38363af6ebdcb3dae12e0243582891d,Binance Hot wallet,
0xc9a2c4868f0f96faaa739b59934dc9cb304112ec,Binance: BGBP Token,
0x47ac0fb4f2d84898e4d9e7b4dab3c24507a6d503,Binance: Binance-Peg Tokens,
0xb8c77482e45f1f44de1745f52c74426c631bdd52,Binance: BNB Token,
0x0b95993a39a363d99280ac950f5e4536ab5c5566,Binance: Contract,
0x1074253202528777561f83817d413e91bfa671d4,Binance: Deployer 3,
0x170c7c38419767816cc7ec519da67d1a4dc43826,Binance: Deposit 1,
0x9430801ebaf509ad49202aabc5f5bc6fd8a3daf8,Binance: Deposit Funder,
0x8f80c66c70cbc52009babb04c1cadf9b40109289,Binance: Deposit Funder 2,
0x15ece0d7de25436bcfcf3d62a9085ddc7838aee9,Binance: Deposit Funder 3,
0x2f47a1c2db4a3b78cda44eade915c3b19107ddcc,Binance: Eth2 Depositor,
0x043a80999cee3711d372fb878768909fbe7f71e6,Binance: Industry Recovery Initiative,
0x71660c4005ba85c37ccec55d0c4493e66fe775d3,Coinbase 1,
0xa9d1e08c7793af67e9d92fe308d5697fb81d3e43,Coinbase 10,
0x77696bb39917c91a0c3908d577d5e322095425ca,Coinbase 11,
0x7c195d981abfdc3ddecd2ca0fed0958430488e34,Coinbase 12,
0x95a9bd206ae52c4ba8eecfc93d18eacdd41c88cc,Coinbase 13,
0xb739d0895772dbb71a89a3754a160269068f0d45,Coinbase 14,
0x503828976d22510aad0201ac7ec88293211d23da,Coinbase 2,
0xddfabcdc4d8ffc6d5beaf154f18b778f892a0740,Coinbase 3,
0x3cd751e6b0078be393132286c442345e5dc49699,Coinbase 4,
0xb5d85cbf7cb3ee0d56b3bb207d5fc4b82f43f511,Coinbase 5,
0xeb2629a2734e272bcc07bda959863f316f4bd4cf,Coinbase 6,
0xd688aea8f7d450909ade10c47faa95707b0682d9,Coinbase 7,
0x02466e547bfdab679fc49e96bbfc62b9747d997c,Coinbase 8,
0x6b76f8b1e9e59913bfe758821887311ba1805cab,Coinbase 9,
0xbe3c68821d585cf1552214897a1c091014b1eb0a,Coinbase: Account Blacklister,
0xf6874c88757721a02f47592140905c4336dfbc61,Coinbase: Coinbase Commerce,
0x881d4032abe4188e2237efcd27ab435e81fc6bb1,Coinbase: Commerce,
0x6c8dd0e9cc58c07429e065178d88444b60e60b80,Coinbase: Commerce Fee,
0xbc8ec259e3026ae0d87bc442d034d6882ce4a35c,Coinbase: Commerce Fee 2,
0x02d24cab4f2c3bf6e6eb07ea07e45f96baccffe7,Coinbase: Commerce Fee 3,
0xce352e98934499be70f641353f16a47d9e1e3abd,Coinbase: Commerce Fee 4,
0x90e18a6920985dbacc3d76cf27a3f2131923c720,Coinbase: Commerce Fee 5,
0x4b23d52eff7c67f5992c2ab6d3f69b13a6a33561,Coinbase: Commerce Fee 6,
0xd2276af80582cac230edc4c42e9a9c096f3c09aa,Coinbase: Deposit 1,
0xa090e606e30bd747d4e6245a1517ebe430f0057e,Coinbase: Miscellaneous,
0x2b5634c42055806a59e9107ed44d43c426e58258,KuCoin,
0xcad621da75a66c7a8f4ff86d30a2bf981bfc8fdd,KuCoin 10,
0xec30d02f10353f8efc9601371f56e808751f396f,KuCoin 11,
0x738cf6903e6c4e699d1c2dd9ab8b67fcdb3121ea,KuCoin 12,
0xd89350284c7732163765b23338f2ff27449e0bf5,KuCoin 13,
0x88bd4d3e2997371bceefe8d9386c6b5b4de60346,KuCoin 14,
0xb8e6d31e7b212b2b7250ee9c26c56cebbfbe6b23,KuCoin 15,
0x689c56aef474df92d44a1b70850f808488f9769c,KuCoin 2,
0xa1d8d972560c2f8144af871db508f0b0b10a3fbf,KuCoin 3,
0x4ad64983349c49defe8d7a4686202d24b25d0ce8,KuCoin 4,
0x1692e170361cefd1eb7240ec13d048fd9af6d667,KuCoin 5,
0xd6216fc19db775df9774a6e33526131da7d19a2c,KuCoin 6,
0xe59cd29be3be4461d79c0881d238cbe87d64595a,Kucoin 7,
0x899b5d52671830f567bf43a14684eb14e1f945fe,KuCoin 8,
0xf16e9b0d03470827a95cdfd0cb8a8a3b46969b91,KuCoin 9,
0x061f7937b7b2bc7596539959804f86538b6368dc,KuCoin: Deposit Funder,
0x03e6fa590cadcf15a38e86158e9b3d06ff3399ba,KuCoin(arb)
0xab5c66752a9e8167967685f1450532fb96d5d24f,Huobi 1,
0xe93381fb4c4f14bda253907b18fad305d799241a,Huobi 10,
0xfa4b5be3f2f84f56703c42eb22142744e95a2c58,Huobi 11,
0x46705dfff24256421a05d056c29e81bdc09723b8,Huobi 12,
0x32598293906b5b17c27d657db3ad2c9b3f3e4265,Huobi 13,
0x5861b8446a2f6e19a067874c133f04c578928727,Huobi 14,
0x926fc576b7facf6ae2d08ee2d4734c134a743988,Huobi 15,
0xeec606a66edb6f497662ea31b5eb1610da87ab5f,Huobi 16,
0x7ef35bb398e0416b81b019fea395219b65c52164,Huobi 17,
0x229b5c097f9b35009ca1321ad2034d4b3d5070f6,Huobi 18,
0xd8a83b72377476d0a66683cde20a8aad0b628713,Huobi 19,
0x6748f50f686bfbca6fe8ad62b22228b87f31ff2b,Huobi 2,
0x90e9ddd9d8d5ae4e3763d0cf856c97594dea7325,Huobi 20,
0x30741289523c2e4d2a62c7d6722686d14e723851,Huobi 21,
0x6f48a3e70f0251d1e83a989e62aaa2281a6d5380,Huobi 22,
0xf056f435ba0cc4fcd2f1b17e3766549ffc404b94,Huobi 23,
0x137ad9c4777e1d36e4b605e745e8f37b2b62e9c5,Huobi 24,
0x5401dbf7da53e1c9dbf484e3d69505815f2f5e6e,Huobi 25,
0x034f854b44d28e26386c1bc37ff9b20c6380b00d,Huobi 26,
0x0577a79cfc63bbc0df38833ff4c4a3bf2095b404,Huobi 27,
0x0c6c34cdd915845376fb5407e0895196c9dd4eec,Huobi 28,
0x794d28ac31bcb136294761a556b68d2634094153,Huobi 29,
0xfdb16996831753d5331ff813c29a93c76834a0ad,Huobi 3,
0x34189c75cbb13bdb4f5953cda6c3045cfca84a9e,Huobi 30,
0xb4cd0386d2db86f30c1a11c2b8c4f4185c1dade9,Huobi 31,
0x4d77a1144dc74f26838b69391a6d3b1e403d0990,Huobi 32,
0x28ffe35688ffffd0659aee2e34778b0ae4e193ad,Huobi 33,
0xcac725bef4f114f728cbcfd744a731c2a463c3fc,Huobi 34,
0x73f8fc2e74302eb2efda125a326655acf0dc2d1b,Huobi 35,
0x0a98fb70939162725ae66e626fe4b52cff62c2e5,Huobi 36,
0xf66852bc122fd40bfecc63cd48217e88bda12109,Huobi 37,
0x49517ca7b7a50f592886d4c74175f4c07d460a70,Huobi 38,
0x58c2cb4a6bee98c309215d0d2a38d7f8aa71211c,Huobi 39,
0xeee28d484628d41a82d01e21d12e2e78d69920da,Huobi 4,
0x39d9f4640b98189540a9c0edcfa95c5e657706aa,Huobi 40,
0x5c985e89dde482efe97ea9f1950ad149eb73829b,Huobi 5,
0xdc76cd25977e0a5ae17155770273ad58648900d3,Huobi 6,
0xadb2b42f6bd96f5c65920b9ac88619dce4166f94,Huobi 7,
0xa8660c8ffd6d578f657b72c0c811284aef0b735e,Huobi 8,
0x1062a747393198f70f71ec65a582423dba7e5ab3,Huobi 9,
0x9d6d492bd500da5b33cf95a5d610a73360fcaaa0,Huobi Mining Pool,
0xa66daa57432024023db65477ba87d4e7f5f95213,Huobi Pool Token,
0x6f259637dcd74c767781e37bc6133cd6a68aa161,Huobi Token,
0x63155828e949aeba75038a5e8a5f4edd5038d9a6,Huobi: Deployer,
0xe0d513cf39b52a09aefcef25e91dda3a2636329a,Huobi: Deposit,
0xfd54078badd5653571726c3370afb127351a6f26,Huobi: Deposit Funder,
0x18916e1a2933cb349145a280473a5de8eb6630cb,Huobi: Deposit Funder 2,
0xdb0e89a9b003a28a4055ef772e345e8089987bfd,Huobi: Deposit Funder 3,
0xf0458aaaf6d49192d3b4711960635d5fa2114e71,Huobi: Deposit Funder 4,
0x07ef60deca209ea0f3f3f08c1ad21a6db5ef9d33,Huobi: Deposit Funder 5,
0x0316eb71485b0ab14103307bf65a021042c6d380,Huobi: HBTC Token,
0x72A53cDBBcc1b9efa39c834A540550e23463AAcB,Crypto.com 3,
0x6262998ced04146fa42253a5c0af90ca02dfd2a3,Crypto.com,
0x46340b20830761efd32832a74d7169b29feb9758,Crypto.com 2,
0x0a2854fbbd9b3ef66f17d47284e7f899b9509330,Metamask(Arb) wallet,
0x881d40237659c251811cec9c364ef91dc08d300c,Metamask(ETH) swap router,
0x0D0707963952f2fBA59dD06f2b425ace40b492Fe,gate.io,
0xe66b31678d6c16e9ebf358268a790b763c133750,0x Coinbase Wallet Proxy,
0xdef1c0ded9bec7f1a1670819833240f027b25eff,0x Exchange Proxy,
0x22F9dCF4647084d6C31b2765F6910cd85C178C18,0x Exchange Proxy Flash Wallet,
0x61935cbdd02287b511119ddb11aeb42f1593b7ef,0x Exchange V3,
0x1111111254eeb25477b68fb85ed929f73a960582,1inch v5 Aggregation Router(arb),
0x64768A3a2453F1E8DE9e43e92D65Fc36E4c9872d,1inch Aggregation Wallet(arb),
0xba12222222228d8ba445958a75a0704d566bf2c8,Balancer Vault(arb),
0x489ee077994b6658eafa855c308275ead8097c4a,GMX Vault(arb),
0x09f77e8a13de9a35a7231028187e9fd5db8a2acb,GMX Orderbook(arb),
0x62383739d68dd0f844103db8dfb05a7eded5bbe6,OKX(arb),
0x6cc5f688a315f3dc28a7781717a9a798a59fda7b,OKX 0x6cc5,
0x03ae1a796dfe0400439211133d065bda774b9d3e,OKX 0x03ae,
0xb38e8c17e38363af6ebdcb3dae12e0243582891d,Binance(arb) hot wallet,
0x03e6fa590cadcf15a38e86158e9b3d06ff3399ba,KuCoin(arb),
0xf89d7b9c864f589bbf53a82105107622b35eaa40,Bybit,
0xe80623a9d41f2f05780d9cd9cea0f797fd53062a,Bitget,
0x06da0fd433c1a5d7a4faa01111c044910a184553,SushiSwap: USDT,
0x397ff1542f962076d0bfe58ea045ffa2d347aca0,SushiSwap: USDC,
0x58dc5a51fe44589beb22e8ce67720b5bc5378009,SushiSwap: CRV,
0x6a091a3406e0073c3cd6340122143009adac0eda,SushiSwap: ILV,
0xba13afecda9beb75de5c56bbaf696b880a5a50dd,SushiSwap: MKR,